"Link 1","Link 1"
"Link 2","Link 2"
"Link 3","Link 3"
"Link 4","Link 4"
"Links list 1","Links list 1"
"Links list 2","Links list 2"
"Links list 3","Links list 3"
"Follow us on","Follow us on"
"Subscribe for more information, discounts, promotions","Subscribe for more information, discounts, promotions"
"Learn more >","Learn more >"
"Free Shipping for a limited time!","Free Shipping for a limited time!"
Link,Link
"ipsum dolor sit amet, consectetur adipisicing elit.","ipsum dolor sit amet, consectetur adipisicing elit."
"Lorem ipsum dolor sit amet, consectetur","Lorem ipsum dolor sit amet, consectetur"