"Terms To Use", "Terms To Use"
"Privacy Policy", "Privacy Policy"
"Sitemap", "Sitemap"
"Terms of Sale", "Terms of Sale"
"Subscribe for more information, discounts, promotions", "Subscribe for more information, discounts, promotions"
"Quantity", "Quantity"
Description, Description
Specifications, Specifications
Recommended, Recommended
Downloads, Downloads
"Back to Top", "Back to Top"
"Specifications", "Specifications"
"Description", "Description"
"pickup today", "pickup today"
"in stock to", "in stock to"
from, from
"Item No:", "Item No:"
"Featured Categories", "Featured Categories"
"Bulk Nails", "Bulk Nails"
"Collated Nails", "Collated Nails"
"Staplers", "Staplers"
"Shrink Film", "Shrink Film"
"Tool Storage", "Tool Storage"
"Special Financing Available Everyday", "Special Financing Available Everyday"
"Pay & Manage Your Card", "Pay & Manage Your Card"
"Credit Offers", "Credit Offers"
"Create account", "Create account"
"My account", "My account"
"Power Tools", "Power Tools"
"Packaging", "Packaging"
"Finish Nails", "Finish Nails"
"Cleats", "Cleats"
"Brads", "Brads"
"All Collated", "All Collated"
Collated, Collated
"Bulk/Hand-Drive", "Bulk/Hand-Drive"
Nails, Nails
Maintenance, Maintenance
"Job Site Supplies", "Job Site Supplies"
"Building Materials", "Building Materials"
"Bolts Nuts & Washers", "Bolts Nuts & Washers"
"Apparel & Accessories", "Apparel & Accessories"
Anchors, Anchors
Shop, Shop
Account, Account
"More saving. More nailing.", "More saving. More nailing."
"Need help? Please call us at", "Need help? Please call us at"
"Store Locator","Store Locator"
"Quick Order","Quick Order"
"Specials and Offers","Specials and Offers"
Clearance,Clearance
"Tool Repair","Tool Repair"
Resources,Resources
"Contact Us","Contact Us"
